reviewId,userName,userImage,content,score,thumbsUpCount,reviewCreatedVersion,at,replyContent,repliedAt,appVersion,Id
e15c144a-b89f-4b84-a0aa-144680c01dae,sharif ALASSil,https://play-lh.googleusercontent.com/a/ACg8ocIPoMxh9AKzBoQnQuFLbJzQhPeuZrjsjZMBAapJCyCa=mo,Byoutiful,5,0,,2024-02-23 20:36:04,,,,com.snapchat.android
8f6d725d-491c-4fba-9b08-8d360df1913f,Aziz Baloch,https://play-lh.googleusercontent.com/a/ACg8ocIKpOrAqdspHS-PqSsx9T1DxvF-zKyQVDsJ9-i3lX_z=mo,Nice,5,0,,2024-02-23 20:00:06,,,,com.snapchat.android
a16c2aa4-1d45-40b4-af4c-9589789d5732,Konstance Titues,https://play-lh.googleusercontent.com/a/ACg8ocJFzhmQmIiO8ikPe-rKpZfVTPb9IFkdCznyRNrVsDAi=mo,This is the best not not really,5,2,12.71.0.30,2024-02-23 06:18:48,,,12.71.0.30,com.snapchat.android
7ce19b26-bc0d-4fce-8b3a-3deac1324117,Nazia Sayeed,https://play-lh.googleusercontent.com/a-/ALV-UjWGfM3ZWZaxrEsEiEd6WWpUKgtSWqkRagb6npMR_m1G5R8Y,"Dear Snapchat, from all the possibilities of improving your app why do you have such hate for bitmojis and consistently make them ugly everyday? My Bitmoji looks like Shrek's ugly brown sister. And now the stickers lost all its cuteness, So thanks for that unnecessary update ‚ò∫Ô∏è",2,22,12.73.0.40,2024-02-22 02:57:14,,,12.73.0.40,com.snapchat.android
cf83eaf3-39d4-461e-a7ce-0ab1b0bbd656,Rijban Husen,https://play-lh.googleusercontent.com/a/ACg8ocKBptz8yg75_Dl59CTHil_jQud9vwAyOze2Z-3TySC2=mo,update karo mobile mobileko,5,7,12.67.1.0,2024-02-20 21:51:25,,,12.67.1.0,com.snapchat.android
e39e7a14-ad9c-4e0e-b29c-388f4a27c824,Julia Nelson,https://play-lh.googleusercontent.com/a/ACg8ocIDXgnLAwBOtm_4WeUgLotETFf7ubgCj6Bv0n4CY1EJ=mo,What an amazing social app you can do everything on Snapchat even check and snap what an amazing app hahaha lol laughing out loud,5,9,,2024-02-20 16:01:23,,,,com.snapchat.android
4fa67a7e-65e1-41af-ae91-488c35f9d6ba,Che Kennedy,https://play-lh.googleusercontent.com/a/ACg8ocJQ8eejEVvIVZ3OnxWfmley5KbUPgkeDAn5w4jUX97l=mo,Got ya,5,6,12.73.0.40,2024-02-20 12:56:19,,,12.73.0.40,com.snapchat.android
9958454d-400f-437f-ac5c-5fc8bd55481c,Khushboo Verma,https://play-lh.googleusercontent.com/a-/ALV-UjU95Tg4Py5ZOYkRtfB3td-2rGU03xLSKy8-3lEim5S0Cw,nice aap in my life it is so cool filter in a aap,5,5,,2024-02-20 09:27:33,,,,com.snapchat.android
5a442384-f736-4655-ad61-8b05044eae9a,Kelly,https://play-lh.googleusercontent.com/a-/ALV-UjUgcZHPSH-bgWFTNqa_ctu35pQqU0Y4Hx-FTNEVbwBi2eQ,"Came installed, i found it to be having issues connecting so I removed it",2,5,12.63.0.55,2024-02-19 09:58:09,,,12.63.0.55,com.snapchat.android
fc2366ac-213c-4434-8f44-e24ab0a5c401,Olarinde Maliki,https://play-lh.googleusercontent.com/a/ACg8ocI2HKtIK0DwzFQcLjs-rZki7RT3bsvD9gEtN04cef8=mo,Is not dawnload,5,7,,2024-02-19 02:08:51,,,,com.snapchat.android
b6232f27-f324-4e7c-9ddc-caf7b8b13db2,Raj Singh,https://play-lh.googleusercontent.com/a/ACg8ocIDmcHKiJAvJuUde52mZlf3cejZLSWb9ZWHuHbs6sTP=mo,Priyanka Mahato,5,1,12.73.0.40,2024-02-17 12:04:00,,,12.73.0.40,com.snapchat.android
ab463a04-e8bf-4e6b-a0d3-56a283fb123d,Pushpendra,https://play-lh.googleusercontent.com/a/ACg8ocLZGLoO0RL5SfxtHFZ0YGYj4fJpjxd2zIxXee9CI8vy=mo,Thank you,5,0,,2024-02-17 11:30:44,,,,com.snapchat.android
c31c461a-04d6-4ccd-a25b-79b01102b57e,Amaresha Amaresha,https://play-lh.googleusercontent.com/a/ACg8ocIYemhaF6no0VDVvM4fVR9tKycmO8vIJ3Vl1Uzim3KG=mo,Amaresh amaresh,5,0,,2024-02-17 11:11:37,,,,com.snapchat.android
6a89384b-c97f-4a27-92ee-ebcce1bf6c61,Jay Peter,https://play-lh.googleusercontent.com/a/ACg8ocL9FUaYamSwRjBHw5g31CzuZT6yL-WZUPG67R6HU2Gc=mo,Love snap,5,0,,2024-02-17 11:06:58,,,,com.snapchat.android
9f063eea-ba39-4fd6-bbf5-10f7d20de3b8,Maryam Adamu,https://play-lh.googleusercontent.com/a/ACg8ocJ1BadTCc-cwGKnG3L1-iS6Z8nKJQYFXjtoWveY-LsW=mo,Tailoring,5,0,,2024-02-17 10:54:40,,,,com.snapchat.android
d0b3989f-d8b6-4d69-840d-71691cc3befe,Rudra Mallick,https://play-lh.googleusercontent.com/a/ACg8ocKuuEh9h8yn4fPrVmXN0FtL0u_iKGouhRSnPgJB_NMd=mo,Nice,5,0,,2024-02-17 10:52:16,,,,com.snapchat.android
3671869f-3a70-409f-b9db-7ee0f259d14b,Chase Grover,https://play-lh.googleusercontent.com/a/ACg8ocKAfNy2n--LSEk_qmSueq_joSBWISzrLxXtsm5KUkLp=mo,It is gooooooooooood,5,0,12.72.0.37,2024-02-17 10:44:43,,,12.72.0.37,com.snapchat.android
ac4f8088-be86-4f11-b241-4e6a01be2742,Surya da Solider,https://play-lh.googleusercontent.com/a/ACg8ocLIg83F-KcJR_tt3Rxp0xSzMtkSjkg6lcqIjCliPh9S=mo,It's is easy to maintain,5,0,,2024-02-17 09:55:03,,,,com.snapchat.android
9dcdbdf1-057e-447f-8e00-e6f63f43ace8,Bhado Sada,https://play-lh.googleusercontent.com/a/ACg8ocJArKMM7nmHY8xbClP80mD663F0h8vjKRoOFr-0mdJp=mo,Prabhu,5,0,12.73.0.40,2024-02-17 09:26:52,,,12.73.0.40,com.snapchat.android
d1f53ed1-d2f9-4356-a8d8-e498ae336b74,Yurleen FordKickett,https://play-lh.googleusercontent.com/a/ACg8ocKya3I5s1jKujTgxfFonR7o5cg2gj7c8BqUCnCHeBpJ=mo,Awesome üëå üëè üëç üòç,5,0,,2024-02-17 09:12:23,,,,com.snapchat.android
75acd206-bcd3-450e-8c47-0f44494d1910,Raziya Sultana,https://play-lh.googleusercontent.com/a/ACg8ocKhAq4EnKczdZT1g_pIyPSZXthQWbKwgCwtjzw4gVeK=mo,Good üëç,5,1,,2024-02-17 09:09:14,,,,com.snapchat.android
7936a14c-81ba-4ea6-9ecd-0f55585fbf79,Lizie Tongogara,https://play-lh.googleusercontent.com/a/ACg8ocKaPAGZsXNWjGImof0tx5Rinad05YhDOF9zvnbLB-qd=mo,Aaaa this is the best app although it's being over used,5,0,,2024-02-17 09:03:50,,,,com.snapchat.android
48aaf392-6c16-40dd-b65d-393fc751bdc0,Fazal Abbas,https://play-lh.googleusercontent.com/a/ACg8ocKJi18gdDlcBsAn-dAc-QGRmkDL1VWUJ8UZre8FbXfm=mo,Good,5,0,,2024-02-17 07:43:40,,,,com.snapchat.android
c49203d4-8a42-44a6-8478-023312cc0c84,Muhammad Ayaz,https://play-lh.googleusercontent.com/a/ACg8ocIKgKCwqkxjMJbobZKLtovvg-W6PyFt18HKX4Uca4J_=mo,Best app,5,0,,2024-02-17 07:22:17,,,,com.snapchat.android
b270f2cb-be55-4a96-99b0-35e39f8cf1ae,Letty Valero,https://play-lh.googleusercontent.com/a/ACg8ocLTaxmjDUxd_i4KRB18H21Lp_yj3Zt02jO3hYYjPaKZ=mo,It's so amazing,5,0,,2024-02-17 05:58:49,,,,com.snapchat.android
a3190682-fe46-4932-93e1-d72b7ec7cd70,George Waki,https://play-lh.googleusercontent.com/a/ACg8ocKFh2jZipZ9_Trc98GxRcSelfjqqee7jxPmqbfcnfzg=mo,Ok nmr,5,0,,2024-02-17 05:43:31,,,,com.snapchat.android
2b3a3b78-89a6-4cc7-9942-85f3bb087395,Ragunath Pranavee,https://play-lh.googleusercontent.com/a/ACg8ocKoxfYCNLjSQ9x638NilKDTJx--uVjnYgnjHvmYwn1M=mo,Is in,5,1,12.52.0.60,2024-02-17 05:06:42,,,12.52.0.60,com.snapchat.android
343a8c86-c54e-4630-9d21-68a7c0f4de44,roberto menenedez,https://play-lh.googleusercontent.com/a/ACg8ocLZxXWJLvQS0N5Pc80TMMiHtpOaGHKqc8y-P_wHclAh=mo,cool,5,0,,2024-02-17 03:43:53,,,,com.snapchat.android
a8a3a607-0d32-4806-9070-853f953af871,Neema Chales,https://play-lh.googleusercontent.com/a/ACg8ocKFIM-qyOPYAwtHS1eXFsplmRfUO_GIVskl9IjWgKUT=mo,Neenachales,5,0,12.73.0.40,2024-02-17 03:34:10,,,12.73.0.40,com.snapchat.android
e8a79ea5-d5eb-4dc6-9978-be9a644a83bc,Derje Ayele,https://play-lh.googleusercontent.com/a/ACg8ocJwy1aDY6URSwdoNRNsA7pbTriYs2FKM3U2GuY5I9vi=mo,DEREJE,5,0,12.73.0.40,2024-02-17 02:52:15,,,12.73.0.40,com.snapchat.android
1a0336f2-8c04-418c-b5bf-c5f14cfdb612,Mary Browne,https://play-lh.googleusercontent.com/a/ACg8ocJ4Lb5Atwatd6LF_IaqSHm1px7HHT_dbBVSHkJ2wTUg=mo,The best app,5,0,,2024-02-17 02:38:02,,,,com.snapchat.android
1ff4f91e-eb65-4227-bbe9-22401a1e43ea,khalid haris,https://play-lh.googleusercontent.com/a-/ALV-UjWKd6xBrWiaGHGV69C427o4G87swG0HMmB2xGLei6zK3A,Good,5,0,,2024-02-17 02:33:23,,,,com.snapchat.android
85d4fc88-736f-45ff-8d1f-d3d14b0becac,Andrew Nyabadza,https://play-lh.googleusercontent.com/a/ACg8ocK9CpAvEi_wbRJnd4f4N16RDMlZT0EkyyPsvzw5b70=mo,Exellent,5,0,12.72.0.37,2024-02-17 01:32:26,,,12.72.0.37,com.snapchat.android
d4aaadf5-954e-48f3-b6d4-53c44d610306,Peter nwankwo,https://play-lh.googleusercontent.com/a/ACg8ocKpgBn3-UByY4nlVSjL1BdrD8VGCESibqs8xRqLzO0O=mo,Nice,5,0,12.57.0.55,2024-02-17 01:30:33,,,12.57.0.55,com.snapchat.android
d4838ccd-f7ea-4147-84f3-76dd4f85ae6d,Nomathemba Grace,https://play-lh.googleusercontent.com/a/ACg8ocJqEVn4ovce-xed5Sm0AX0UF_5S-MAb2f3blfrEh-bi=mo,Good üëç üòäüòäüòäüòäüòäüòäüòäüòäüòä to,5,0,,2024-02-17 01:11:46,,,,com.snapchat.android
a8c0b429-0de6-4bcb-8bc6-5dd72cbd2cfd,√áukur Spor,https://play-lh.googleusercontent.com/a/ACg8ocJQUf9LlmM4n834INmv2pZ3Et1Tf2nK7iJ598Te3mwW=mo,Good,5,0,,2024-02-17 01:10:11,,,,com.snapchat.android
9193b75d-dced-46f1-acfc-900ca46994bb,Falakkhan Falak,https://play-lh.googleusercontent.com/a/ACg8ocJku_fFaYbd8z2S9Kpu0IueJicTAG2tDuLSrYlGVzl5=mo,Good,5,0,,2024-02-17 01:02:33,,,,com.snapchat.android
4f9e5662-844b-499e-a2c7-b4f60019170b,Jessica Mdluli,https://play-lh.googleusercontent.com/a/ACg8ocI_uxa8YkPKUp9nDpDhGpmnoE2L4XDU7xjJSTEstEoS=mo,It's a good app,5,0,,2024-02-17 00:23:59,,,,com.snapchat.android
8c5c082d-8419-416d-a7d7-3c8d362fcc45,Damian Bruno,https://play-lh.googleusercontent.com/a/ACg8ocKhMSuto_37L3AtoFeg27Q3nvKl4g8MQ-T75mYn0nc=mo,Photo,5,0,12.73.0.40,2024-02-16 23:27:34,,,12.73.0.40,com.snapchat.android
38aaee33-4a5d-41cd-b9e2-a6deced5535b,Seema Chouhan,https://play-lh.googleusercontent.com/a-/ALV-UjX7oL8cJtnVJQPF8rlkQAyr8z3ygs5ta4s_W2dbUyj-gXQ,Good snap,5,0,11.88.0.29,2024-02-16 23:17:27,,,11.88.0.29,com.snapchat.android
845a8644-9d14-40c9-b785-b8abdef60373,Abab all Afghan,https://play-lh.googleusercontent.com/a/ACg8ocJBtA6taTQMlx9_JI0McUn_A0Afgl18lZfRYpHDbFJ2=mo,ÿ≠ÿ®€åÿ®,5,0,,2024-02-16 22:22:30,,,,com.snapchat.android
0dbe3bc3-7516-4ea7-ad85-ff5d1c5ef110,Florence Okoro,https://play-lh.googleusercontent.com/a-/ALV-UjU1Ya9KFyVGjlIolF8Fe8aI7NoZd8xzNZEYjVUDk4E1Y6c,Ih,5,0,12.73.0.40,2024-02-16 21:31:51,,,12.73.0.40,com.snapchat.android
e182c308-7ac9-473d-a2ef-c31648f9dfe3,Ndndjdbd Bxbxxnxxn,https://play-lh.googleusercontent.com/a/ACg8ocK9Ujk8K7iSPb89OmI9cfXcTXQN-7LLj1QW3xAMMc94=mo,Aisha Adamu,5,0,,2024-02-16 21:24:49,,,,com.snapchat.android
953ee125-89b9-4f6b-a541-cdaeedbd522c,Ezra Maliki,https://play-lh.googleusercontent.com/a/ACg8ocILmLPyh7ibn4jVbpul71uEib9qB-eqA3wWrw2j9YxB=mo,Good,5,0,,2024-02-16 21:21:51,,,,com.snapchat.android
985a76d9-ef02-4608-a5af-b1a0170e0f76,Naseem Akhtar,https://play-lh.googleusercontent.com/a/ACg8ocIatIkZQxVzkEPDjjhfjHNEovmyIASC5upU7L6w0hu-=mo,best experience,5,0,,2024-02-16 21:21:36,,,,com.snapchat.android
e6a63a6f-6f5c-4bea-9f21-7e0ae9e39b64,Ayola Songo,https://play-lh.googleusercontent.com/a/ACg8ocKXZf5CuGVyFAsmXePswJJmbBboc8WLKJuAjR4EQcGQ=mo,hard working person,5,0,,2024-02-16 21:09:47,,,,com.snapchat.android
988d2881-a7af-49ff-9a1e-96eff9f4bb40,Tt Nn,https://play-lh.googleusercontent.com/a/ACg8ocIDKiTc5oi9OcD68Jaq8mYimhH5EtpWSn8dwYH7Ac0w=mo,It is a good app but it shouldn't have when you mention 2 person in store they all went to a group it is really not good but I love snappp Tnx ‚ô•Ô∏è,5,0,,2024-02-16 20:38:25,,,,com.snapchat.android
bd7c2857-7e7b-4e85-9cf9-42ad77ce9464,Karan Kumar,https://play-lh.googleusercontent.com/a/ACg8ocI-3t7HFgiay60BeohSGoF8zSqtWylyx8A9ZadZvnY6=mo,Mast,5,0,,2024-02-16 20:29:09,,,,com.snapchat.android
c797a39e-a441-4f6e-8e29-f32b6cf613ef,Ayush Negi,https://play-lh.googleusercontent.com/a/ACg8ocKUyOOexy_scvuIcD54qrdSrkuMKZnSLDMSGKdevt-9=mo,üëçüëçüëç,5,0,,2024-02-16 20:17:06,,,,com.snapchat.android
19a8019b-4c64-4b1b-b7f1-beed2f0277ea,Nagasa Gaboo,https://play-lh.googleusercontent.com/a/ACg8ocIrVyogMPPDOBFQ4ieSt5cTrPQgZRTNcZ5rpXRvaEWQ=mo,Naggee,5,0,,2024-02-16 19:57:28,,,,com.snapchat.android
ccaaf1c2-fc67-4ee5-9e82-39e3cfe91b9e,Abubakar Sediq,https://play-lh.googleusercontent.com/a/ACg8ocKPzzb7DRUyt27idoaYdFHQpMQEWhgm3ZsXYNE6hKre=mo,Nice app,5,0,,2024-02-16 19:52:56,,,,com.snapchat.android
c3e599ec-248c-4c8d-b45f-034fa45c2728,Jahnvi Chauhan (Gaming star),https://play-lh.googleusercontent.com/a-/ALV-UjU9_gQJqAW51qOyNBlfU-30WkF2bkw99zxxAlUODoAX1bA,Chaprii app,5,0,,2024-02-16 19:43:16,,,,com.snapchat.android
8cbb9141-f148-4d84-a737-78a39cbef69c,Adamu Muhammad,https://play-lh.googleusercontent.com/a/ACg8ocKwd3vL4WNYuFaKBBYN-SJNAF8INYzPm9cH_d0MpVdX=mo,I help those people that don't have cemera e.g me and my guys,5,0,,2024-02-16 18:45:08,,,,com.snapchat.android
fd17e382-4240-42bd-8de3-49fa569740e8,Thuy Ngcobo,https://play-lh.googleusercontent.com/a/ACg8ocK0v3C1G9cpyi2P0qzuGFiobDN1nBsQinLtqhs9GmaK=mo,It is nice using it,5,0,12.73.0.40,2024-02-16 18:42:15,,,12.73.0.40,com.snapchat.android
d0df32bb-f2b6-4099-b3eb-5f145aa00d50,Marvellous mbapaya,https://play-lh.googleusercontent.com/a/ACg8ocKlr6yVDw1gaMFRehUqcL-Ko91rOjfbc4WiMDZA9NWq=mo,I love this app,5,0,,2024-02-16 18:39:41,,,,com.snapchat.android
b035ae94-6f8e-4051-96c4-2ff2225512eb,Ali Hussain,https://play-lh.googleusercontent.com/a/ACg8ocIbWp3y6mbyFWzr6U_cl5FJn37xUIbo1IkW8OiQStS-=mo,Ossam app,5,0,11.90.1.31,2024-02-16 17:56:33,,,11.90.1.31,com.snapchat.android
ab583034-b85b-4059-9d28-6779416b3359,amna noor,https://play-lh.googleusercontent.com/a-/ALV-UjUMyHbi442t4WfaGekixYChqNaWDfaoLjS30fn7133ArQ,This app is totally good I like it I was using this üëåüòÑ I like it And in 2021 snapchat has games but not in 2024 it was sad!! Please snapchat backup the gamessssüò£üò£üò£,5,0,12.73.0.40,2024-02-16 15:59:14,,,12.73.0.40,com.snapchat.android
deff1158-9d8a-4934-ae13-2de63efccabe,Dhruv Singh Rathore Dhruv,https://play-lh.googleusercontent.com/a/ACg8ocLvnK5e_o8M6egRqBMO038oa2WGtCJfcEY6Px1oS8S_=mo,Badiya he,5,0,,2024-02-16 15:50:50,,,,com.snapchat.android
402b333d-d0db-4cf0-be45-ef1b09924039,Khan 302,https://play-lh.googleusercontent.com/a/ACg8ocKYXIEq0w9yulbFWp6RbECLDeb_89BqCjoJ-9rGed7E=mo,Love you fk da life,5,0,,2024-02-16 15:38:44,,,,com.snapchat.android
05d68587-246c-4f3a-9d49-d07116f85a9d,Karamjit Kaur,https://play-lh.googleusercontent.com/a/ACg8ocJbLVokD2-RJsQItc82Q716dpdmqbp0I91X8H3TpMiX=mo,Sunny rathour,5,0,,2024-02-16 15:35:55,,,,com.snapchat.android
15d1316b-fdf6-42ff-bba3-72b71b2bbd85,Joy Udumukwu,https://play-lh.googleusercontent.com/a-/ALV-UjX97cyo3B3rQ9cPxwKasf_OHTarJ_u7UtLUEO_B-MUFJw,It could be better,5,2,,2024-02-16 12:35:10,,,,com.snapchat.android
b9a5b620-5082-443c-82f2-6440082bdbfa,Mdsahin Alom,https://play-lh.googleusercontent.com/a/ACg8ocKKTvn-KPkktrC_T-b0TVhd11ZwogLsAc83N8tOgalw=mo,sahin,5,1,,2024-02-16 11:57:00,,,,com.snapchat.android
ba69349a-68a7-45d7-8011-5320ce6e2e9f,Abubakar Usman,https://play-lh.googleusercontent.com/a/ACg8ocLkVb9Xwd5L2m49RO1OFe2j6IMqAQ-_ONsdfq5tZA8a=mo,great app,5,1,11.87.0.38,2024-02-16 11:43:39,,,11.87.0.38,com.snapchat.android
199465aa-1d7e-4b91-b355-6ae3dfdfd2c5,Gwobwic Laye hds,https://play-lh.googleusercontent.com/a/ACg8ocIgOJtfgyNynx1-2u3pin5v3fUK-dUWUjw5sEJ3Y-o4=mo,ÿ™ÿ™ÿ™ÿ™ÿ™ÿ™ÿ™ÿ™,5,1,,2024-02-16 11:25:58,,,,com.snapchat.android
2e51d0d3-4322-4e4c-85be-4ef4c83ef80e,To zing Vyxzt85h,https://play-lh.googleusercontent.com/a/ACg8ocJWWYL2-U3tCuN6JGj3W-AhgrXxN9XOWz74Q6WfnKll=mo,Saraiki,5,1,12.73.0.40,2024-02-16 11:12:50,,,12.73.0.40,com.snapchat.android
f036abbc-08ea-4c17-86c9-aaee95d7b6ba,Md Rakib,https://play-lh.googleusercontent.com/a/ACg8ocJLkmrJesuoVg_iLrhWYhVUmTc2kSqRqVOW_bCPVnr-=mo,‡¶ñ‡¶æ‡¶á‡¶ì,5,0,,2024-02-16 09:40:09,,,,com.snapchat.android
a6debc3f-4a61-463a-bd11-b6ff1bd248ee,Ha San,https://play-lh.googleusercontent.com/a/ACg8ocITwdXCCswxMVVbTvhcfzmrjVLiU5dGNJjSUyRDn-iU=mo,Vidi I deus lido to yieyr Urrwuyreurrwi,5,0,,2024-02-16 08:14:21,,,,com.snapchat.android
0cd4938d-6a9b-40ba-b750-25a079948523,country yass23,https://play-lh.googleusercontent.com/a/ACg8ocKrAK2OuLLkQdw6IcDtucUgDt2Yl90QSkAi-okV2y6g=mo,It's the best and it's okay but UT sometimes lagges a little bit but then again it might just be my phone,5,0,,2024-02-16 08:13:56,,,,com.snapchat.android
89655ce7-0dee-4de4-8efd-20b2612fb399,Waziri Saidi,https://play-lh.googleusercontent.com/a/ACg8ocL3GPxMhMtvZcTl-ipJ0KsZ-XXeDnKVMXVUdz_DxA_l=mo,Engeneering,5,0,12.73.0.40,2024-02-16 07:32:13,,,12.73.0.40,com.snapchat.android
0b3c3c27-c653-4280-8534-8e203640f295,Benjie Bruce,https://play-lh.googleusercontent.com/a/ACg8ocLyj0uuG84yF4FaHkGOyzDKrfpux_MDctcvNedI2SxU=mo,Nice,5,0,12.73.0.40,2024-02-16 07:13:31,,,12.73.0.40,com.snapchat.android
fde6fb8d-59de-4b18-9aa1-5c1b191a2e8a,Shrvan Kumar,https://play-lh.googleusercontent.com/a-/ALV-UjVfQgw7y7yvfLvhzuM-MQxq0rcsh6iBH29_WEiGvTxsww,Nice to meet,5,0,12.73.0.40,2024-02-16 06:09:17,,,12.73.0.40,com.snapchat.android
bfd0981c-c0de-4545-9dfc-9ff98e7b7cb9,Briby T-Rap,https://play-lh.googleusercontent.com/a-/ALV-UjUwP8dwd-mhHB4guYCNzPKNRsFU-E97ymvLQTwMkVXC6Q,Good application,5,16,,2024-02-16 03:15:48,,,,com.snapchat.android
f4676e68-2feb-42b0-9b47-f6e3b1092e45,Sadiq Shuaib DR,https://play-lh.googleusercontent.com/a/ACg8ocJTPttQsDNDmWjxMaBzET6qOfn4ThHHdN9TtQbhxkyJ=mo,It's a very nice app for communication,5,0,,2024-02-16 01:55:07,,,,com.snapchat.android
9ca50ddc-8bae-42f4-a715-39d882f7706b,Mamas Bakery,https://play-lh.googleusercontent.com/a/ACg8ocKMYmi8caT8xb-lU5bRgEyfDq38hYdRgaIt1KUn_cT7=mo,I don't want yo describe it,5,0,,2024-02-16 01:27:34,,,,com.snapchat.android
16942f18-0012-4238-9a0f-dcb509b8a5ca,Aneesa Khan,https://play-lh.googleusercontent.com/a/ACg8ocLFsag0sp0lDoX6pRiyh4TvGfRe0Uor1BecVh4z1yPW=mo,It's good,5,0,,2024-02-16 00:58:30,,,,com.snapchat.android
65b1efe1-3f46-4be3-a416-b855306d3b5e,Kibzpro WASSWA,https://play-lh.googleusercontent.com/a/ACg8ocIXKAIjO6qE3-koI7B8YoEs8pzUTt8PJTTxb_Irucze=mo,It good.,5,8,,2024-02-16 00:32:31,,,,com.snapchat.android
641f1f65-8da4-4afe-ba7c-63ad8c36d1c0,Lidia Hashchuk,https://play-lh.googleusercontent.com/a/ACg8ocJ0U0YqaoJleXOPCZVxDZO9-I2mW1lXEtxI6-owkKKC=mo,It's really good I love it,5,0,12.73.0.40,2024-02-15 23:52:30,,,12.73.0.40,com.snapchat.android
c4785548-b48b-46be-83f7-39e47e6b4d27,Lawrene Zezayi,https://play-lh.googleusercontent.com/a/ACg8ocIIToNOGRzaXs7EVaiguHV2dOqGUk4WdyNiqTmiH1Eg=mo,It's amazing,5,1,,2024-02-15 23:28:14,,,,com.snapchat.android
bc62ee19-4c51-4fd4-8aea-78e389137608,Muhammad Abubakar Abubakar,https://play-lh.googleusercontent.com/a/ACg8ocL87coK2k7BIiUdljbD_IdZ6HnJD9gtHXS3VeqEGGKV=mo,sell,5,0,,2024-02-15 23:15:40,,,,com.snapchat.android
b1428787-a8ae-4131-a805-f0c37b0ce86f,Nwafor Adaugo,https://play-lh.googleusercontent.com/a/ACg8ocJ_r1lCFeeMYZLwczeTMZ0cBiCSxGuiegqczB01NoCn=mo,"It's a good app and nice app makes it so easy for you to add some light,skin tone or even favorite pet",5,0,,2024-02-15 22:58:08,,,,com.snapchat.android
c15891fe-a6f8-4778-be89-3fc5ac7bba72,Kalithas Thas,https://play-lh.googleusercontent.com/a/ACg8ocL4HGI6yMABZ3mfT4EW_R6P6sYNPCc3onunBSnIJUes=mo,Sna,5,0,,2024-02-15 21:16:11,,,,com.snapchat.android
7e4d49b8-14b6-4c1f-8514-6f1d2e5889c1,Shawnique Newman,https://play-lh.googleusercontent.com/a-/ALV-UjV2BpOItl7ClDbDduihlbBD-5dbakCHwWntqAx-E2AMsQ,I like this app because I can make so much video and send it to my friends.,5,0,,2024-02-15 20:55:57,,,,com.snapchat.android
ef33dd6a-1760-4679-8048-5c9fe963cb5a,Harsukh,https://play-lh.googleusercontent.com/a/ACg8ocLJ57dNxgdLGCrGJhbYtIMUh6tHlUWb95M6BJUfxC8G=mo,WHAT RATE FOR THE SAMSUNG GALAXY J2 MOBILE PHONE,5,6,,2024-02-15 20:32:08,,,,com.snapchat.android
a504361a-f143-4eff-9a66-bbd33c482eee,Gauri Kamble,https://play-lh.googleusercontent.com/a/ACg8ocJCCxndQASejdPg95VXCeMJlCzUHt8X3npjZYQV99yd=mo,Best for all,5,0,12.73.0.40,2024-02-15 20:16:59,,,12.73.0.40,com.snapchat.android
7874d57d-ac5b-422a-962e-50b8d11b70f3,A/Aaziiz Su'uudaa,https://play-lh.googleusercontent.com/a/ACg8ocLkB5ufAsnXUq6qmZIjGg9GP9nUWTDK0Gr7x1JkAQD-=mo,Abdulaziiz Su'uudaa,5,0,,2024-02-15 19:51:36,,,,com.snapchat.android
a5c1c6ac-5fd0-470d-a294-88409f2bbacc,Gal Badrah,https://play-lh.googleusercontent.com/a/ACg8ocL7pXWRUIHHfD_xIx8u2DBav7etJUAyd-JiKXm_-yVF=mo,Good,5,1,,2024-02-15 19:09:14,,,,com.snapchat.android
8352e38f-d9c6-4716-a5bb-83e0742f1166,Sonmoni roybarman,https://play-lh.googleusercontent.com/a/ACg8ocKjC0OPmoUhPbo94kudFMFU3zT0iY5_1sL5icPglRM=mo,My attitude,5,0,,2024-02-15 18:08:30,,,,com.snapchat.android
dad16992-0680-454e-a85d-52d2aae6d5d3,frank okafor,https://play-lh.googleusercontent.com/a-/ALV-UjWHW9aMoazP5MBNL6Nw4p1XjgIegkJSj5FSqhyqXCVwI54,Good,4,4,12.72.0.37,2024-02-15 18:05:32,,,12.72.0.37,com.snapchat.android
7569fb87-ee0b-4e2f-b5fb-2a44690c6682,Olajide Opeyemi,https://play-lh.googleusercontent.com/a/ACg8ocIQ7OD06H0Tnj8ZhpaopiNydS0MgcTmqheBUT-2wFyu=mo,Fast and reliable,5,0,,2024-02-15 16:36:18,,,,com.snapchat.android
9bef0d6a-4d64-407e-a84a-4de4e3d5831f,MEER Waqas,https://play-lh.googleusercontent.com/a/ACg8ocLAsKZaN5JLI1vtOvbjSd4FuH_rWgTtziToRY2bw3bP=mo,GOOD MORNING,5,0,,2024-02-15 16:09:58,,,,com.snapchat.android
4758a701-aaf4-48a6-bec2-adea457cb76d,Jerald Olorvida lomtong,https://play-lh.googleusercontent.com/a/ACg8ocKM2u1J4OfaNWI3BziNeEZsz8FP0DAyScCBBkR6YvYS=mo,Please send me your number,5,0,,2024-02-15 15:52:49,,,,com.snapchat.android
7b6695ee-ec5b-44ac-a1ad-b4783ba69f65,Md Rayhan,https://play-lh.googleusercontent.com/a/ACg8ocK9sqDdgNeXgWSlcphstKx2loHbUaxFASzMTZz5A_cg=mo,‡¶∞‡¶æ‡ßü‡¶π‡¶æ‡¶®,5,0,,2024-02-15 14:14:47,,,,com.snapchat.android
8bd3c3c6-50e4-4eb1-b8a7-576574062e61,Agboba Praise,https://play-lh.googleusercontent.com/a/ACg8ocJB9qCvk9dKxYTEsKce4K4k9EmEKhi-yyXxjlKTIN52=mo,I love this app alot,5,0,12.73.0.40,2024-02-15 13:53:35,,,12.73.0.40,com.snapchat.android
d1e52026-42c5-4608-9b89-2049c5bacea2,Farman Saifi,https://play-lh.googleusercontent.com/a/ACg8ocKr8bQls1Sqf8VaoqgA3zb9EXfWt9FXaChSR-krW1au=mo,I love my snapchat,5,0,,2024-02-15 13:39:20,,,,com.snapchat.android
c20b6754-d3f9-4d8e-9f7d-fdbeaa95ea39,Aisha Ibrahim,https://play-lh.googleusercontent.com/a/ACg8ocIKHwLuP1sWfCPEO0wF8Uq-qD2aeHq5WoKfkkBBt-em=mo,A ishat lbraheem,5,0,,2024-02-15 13:20:39,,,,com.snapchat.android
d37a861e-a69f-4a42-988a-841149323908,Beral Kerea,https://play-lh.googleusercontent.com/a/ACg8ocJEs2xlwjN_GF7_XZjINr3oO9lSF1spOHlqdeJWwR6J=mo,I love the,5,0,,2024-02-15 12:49:46,,,,com.snapchat.android
d59d136a-652d-4e3c-8306-bbcbaacd8c75,Waqar Ali,https://play-lh.googleusercontent.com/a/ACg8ocIitjN5a6KFNBXkgjbvVe0XlyGIgyaqwuEH270v8x_H=mo,Hi G,5,2,,2024-02-15 12:46:27,,,,com.snapchat.android
a53ae6a0-884f-4f01-b6a4-2e3ceb115513,Mohib Khan,https://play-lh.googleusercontent.com/a/ACg8ocK7qvwmRkRbJK5c-MBH7lSD1ntpaJGosI0re1vAlvQh=mo,Nice,5,1,,2024-02-15 11:49:33,,,,com.snapchat.android
114ec48f-a433-4a5e-aea7-ba27c9c58479,Sabir Ahmad kha,https://play-lh.googleusercontent.com/a/ACg8ocJU6W1P_FCfs4lpJwPByWUcFOlgKow8xi0bKq3FgZgw=mo,Best camera,5,1,,2024-02-15 09:30:36,,,,com.snapchat.android
9ffb3369-2cb9-45a4-8148-855f2fe46c3d,Memory Chimwaza,https://play-lh.googleusercontent.com/a/ACg8ocJshBqN4PTvuPrCehtAzPPOjdbfjNeBGBAVlsTOnJpu=mo,I love it,5,1,,2024-02-15 09:01:58,,,,com.snapchat.android
